[{"_": "Message", "id": 30, "peer_id": {"_": "PeerChannel", "channel_id": 1219554321}, "date": "2021-07-04T05:41:58+00:00", "message": "Angel Broking Official Bot Launched \ud83d\udd25\n\n\u2705 Task Bonus : 500\u20b9\n\n\u2705 Per Refer : 50\u20b9\n\n\u2705 Min Withdrawal : 250\u20b9\n\n\ud83d\udd17 Bot Link : @AngelBroking_Bot", "out": false, "mentioned": false, "media_unread": false, "silent": false, "post": true, "from_scheduled": false, "legacy": false, "edit_hide": false, "pinned": true, "noforwards": false, "from_id": null, "fwd_from": null, "via_bot_id": null, "reply_to": null, "media": {"_": "MessageMediaPhoto", "spoiler": false, "photo": {"_": "Photo", "id": 6274031936611658953, "access_hash": 7137007362679443030, "file_reference": [2, 72, 176, 236, 17, 0, 0, 0, 30, 101, 16, 115, 105, 101, 20, 193, 13, 142, 96, 28, 187, 26, 0, 22, 171, 112, 164, 142, 152], "date": "2021-07-04T05:41:57+00:00", "sizes": [{"_": "PhotoStrippedSize", "type": "i", "bytes": [1, 40, 40, 217, 162, 138, 107, 176, 81, 201, 197, 38, 236, 5, 101, 184, 34, 245, 162, 97, 133, 60, 10, 181, 84, 111, 35, 220, 155, 193, 204, 137, 215, 233, 86, 45, 102, 243, 161, 4, 159, 152, 112, 105, 69, 220, 132, 218, 118, 100, 244, 81, 69, 81, 97, 81, 22, 4, 231, 119, 203, 244, 239, 68, 173, 34, 149, 216, 187, 134, 126, 110, 123, 84, 34, 89, 183, 109, 242, 71, 175, 94, 63, 58, 151, 22, 246, 25, 38, 79, 66, 220, 255, 0, 23, 29, 170, 152, 63, 101, 186, 200, 255, 0, 84, 223, 202, 172, 110, 184, 14, 135, 106, 144, 193, 67, 114, 63, 26, 107, 172, 146, 141, 178, 66, 165, 66, 228, 13, 221, 253, 41, 40, 52, 68, 213, 246, 220, 184, 14, 70, 71, 74, 42, 8, 11, 131, 229, 236, 218, 168, 7, 190, 126, 134, 138, 178, 139, 20, 209, 26, 12, 97, 64, 197, 20, 80, 1, 229, 167, 247, 69, 39, 148, 159, 220, 20, 81, 64, 14, 0, 1, 129, 210, 138, 40, 160, 15]}, {"_": "PhotoSize", "type": "m", "w": 320, "h": 320, "size": 15373}, {"_": "PhotoSize", "type": "x", "w": 640, "h": 640, "size": 28694}], "dc_id": 5, "has_stickers": false, "video_sizes": []}, "ttl_seconds": null}, "reply_markup": null, "entities": [{"_": "MessageEntityBold", "offset": 0, "length": 119}, {"_": "MessageEntityMention", "offset": 119, "length": 17}, {"_": "MessageEntityBold", "offset": 119, "length": 17}], "views": 357, "forwards": 0, "replies": null, "edit_date": "2022-09-18T08:11:37+00:00", "post_author": null, "grouped_id": null, "reactions": null, "restriction_reason": [], "ttl_period": null}, {"_": "MessageService", "id": 1, "peer_id": {"_": "PeerChannel", "channel_id": 1219554321}, "date": "2021-03-04T14:44:05+00:00", "action": {"_": "MessageActionChannelCreate", "title": "Angel Premium"}, "out": false, "mentioned": false, "media_unread": false, "silent": false, "post": true, "legacy": false, "from_id": null, "reply_to": null, "ttl_period": null}]